{
  "A": {
    "1T": {
      "g": 0.5201612903225806,
      "p": 0.38205645161290325,
      "n": 0.09778225806451613
    },
    "2T": {
      "g": 0.4637096774193548,
      "p": 0.40423387096774194,
      "n": 0.13205645161290322
    },
    "3T": {
      "g": 0.46681415929203535,
      "p": 0.37831858407079644,
      "n": 0.14601769911504422,
      "b": 0.008849557522123892
    },
    "4T": {
      "g": 0.4225181598062954,
      "p": 0.3861985472154964,
      "n": 0.175544794188862,
      "b": 0.015738498789346248
    },
    "5T": {
      "g": 0.41935483870967744,
      "p": 0.38709677419354843,
      "n": 0.19354838709677422
    }
  },
  "B": {
    "1T": {
      "g": 0.5045408678102926,
      "p": 0.38345105953582237,
      "n": 0.11200807265388496
    },
    "2T": {
      "g": 0.4591321897073663,
      "p": 0.4117053481331988,
      "n": 0.12916246215943492
    },
    "3T": {
      "g": 0.46051167964404893,
      "p": 0.3704115684093437,
      "n": 0.1668520578420467,
      "b": 0.0022246941045606225
    },
    "4T": {
      "g": 0.4640998959417274,
      "p": 0.3558792924037461,
      "n": 0.17065556711758587,
      "b": 0.009365244536940686
    },
    "5T": {
      "g": 0.47428571428571425,
      "p": 0.3714285714285714,
      "n": 0.1257142857142857,
      "b": 0.028571428571428567
    }
  },
  "C": {
    "1T": {
      "g": 0.4969758064516129,
      "p": 0.39213709677419356,
      "n": 0.11088709677419355
    },
    "2T": {
      "g": 0.47681451612903225,
      "p": 0.38810483870967744,
      "n": 0.1350806451612903
    },
    "3T": {
      "g": 0.4757174392935982,
      "p": 0.3675496688741722,
      "n": 0.15342163355408386,
      "b": 0.0033112582781456954
    },
    "4T": {
      "g": 0.4578563995837669,
      "p": 0.3850156087408949,
      "n": 0.14464099895941726,
      "b": 0.012486992715920915
    },
    "5T": {
      "g": 0.41509433962264153,
      "p": 0.3584905660377358,
      "n": 0.16037735849056603,
      "b": 0.0660377358490566
    }
  },
  "D": {
    "1T": {
      "g": 0.5126135216952573,
      "p": 0.37336024217961655,
      "n": 0.11402623612512613
    },
    "2T": {
      "g": 0.46316851664984865,
      "p": 0.3884964682139253,
      "n": 0.14833501513622604
    },
    "3T": {
      "g": 0.4495114006514658,
      "p": 0.3995656894679696,
      "n": 0.1454940282301846,
      "b": 0.005428881650380022
    },
    "4T": {
      "p": 0.41212871287128716,
      "g": 0.4108910891089109,
      "n": 0.16212871287128713,
      "b": 0.014851485148514854
    },
    "5T": {
      "g": 0.476923076923077,
      "p": 0.36923076923076925,
      "n": 0.15384615384615385
    }
  },
  "E": {
    "1T": {
      "g": 0.4682139253279516,
      "p": 0.4238143289606458,
      "n": 0.10797174571140263
    },
    "2T": {
      "g": 0.508577194752775,
      "p": 0.35721493440968716,
      "n": 0.13420787083753785
    },
    "3T": {
      "g": 0.4401330376940133,
      "p": 0.37915742793791574,
      "n": 0.17405764966740578,
      "b": 0.0066518847006651885
    },
    "4T": {
      "g": 0.4588969823100937,
      "p": 0.38709677419354843,
      "n": 0.14151925078043706,
      "b": 0.012486992715920917
    },
    "5T": {
      "g": 0.4864864864864865,
      "p": 0.32432432432432434,
      "n": 0.16216216216216217,
      "b": 0.02702702702702703
    }
  }
}