{
  "A": [
    0,
    0,
    0.08870967741935484,
    0.15532879818594103,
    1.0
  ],
  "B": [
    0,
    0,
    0.09274193548387097,
    0,
    0.1761904761904762
  ],
  "C": [
    0,
    0,
    0.08669354838709678,
    0,
    0.5096153846153846
  ],
  "D": [
    0,
    0,
    0.07063572149344097,
    0.16983240223463686,
    0.7731958762886598
  ],
  "E": [
    0,
    0,
    0.08980827447023208,
    0,
    0.49038461538461536
  ]
}